[{"srno":1,"sale_Person":"Venkatesh","customer":"Customer1","loan_Amount":100000.0,"purchase_Date":"01/11/2020"},{"srno":2,"sale_Person":"Venkatesh","customer":"Customer2","loan_Amount":80000.0,"purchase_Date":"11/11/2020"},{"srno":3,"sale_Person":"Venkatesh","customer":"Customer3","loan_Amount":90000.0,"purchase_Date":"21/11/2020"},{"srno":4,"sale_Person":"Sudha","customer":"Customer4","loan_Amount":95000.0,"purchase_Date":"01/11/2020"},{"srno":5,"sale_Person":"Sudha","customer":"Customer5","loan_Amount":105000.0,"purchase_Date":"15/11/2020"},{"srno":6,"sale_Person":"Sudha","customer":"Customer6","loan_Amount":80000.0,"purchase_Date":"29/11/2020"},{"srno":7,"sale_Person":"Suresh","customer":"Customer7","loan_Amount":90000.0,"purchase_Date":"03/11/2020"},{"srno":8,"sale_Person":"Suresh","customer":"Customer8","loan_Amount":95000.0,"purchase_Date":"16/11/2020"},{"srno":9,"sale_Person":"Suresh","customer":"Customer9","loan_Amount":63000.0,"purchase_Date":"25/11/2020"},{"srno":10,"sale_Person":"Sudha","customer":"Customer10","loan_Amount":92000.0,"purchase_Date":"07/11/2020"},{"srno":11,"sale_Person":"Venkatesh","customer":"Customer11","loan_Amount":23000.0,"purchase_Date":"09/11/2020"},{"srno":0,"sale_Person":null,"customer":null,"loan_Amount":null,"purchase_Date":null},{"srno":0,"sale_Person":null,"customer":null,"loan_Amount":null,"purchase_Date":null},{"srno":0,"sale_Person":null,"customer":null,"loan_Amount":null,"purchase_Date":null},{"srno":0,"sale_Person":null,"customer":null,"loan_Amount":null,"purchase_Date":null},{"srno":0,"sale_Person":null,"customer":null,"loan_Amount":null,"purchase_Date":null},{"srno":0,"sale_Person":null,"customer":null,"loan_Amount":null,"purchase_Date":null},{"srno":0,"sale_Person":null,"customer":null,"loan_Amount":null,"purchase_Date":null},{"srno":0,"sale_Person":null,"customer":null,"loan_Amount":null,"purchase_Date":null},{"srno":0,"sale_Person":null,"customer":null,"loan_Amount":null,"purchase_Date":null},{"srno":0,"sale_Person":null,"customer":null,"loan_Amount":null,"purchase_Date":null},{"srno":0,"sale_Person":null,"customer":null,"loan_Amount":null,"purchase_Date":null},{"srno":0,"sale_Person":null,"customer":null,"loan_Amount":null,"purchase_Date":null},{"srno":0,"sale_Person":null,"customer":null,"loan_Amount":null,"purchase_Date":null},{"srno":0,"sale_Person":null,"customer":null,"loan_Amount":null,"purchase_Date":null},{"srno":0,"sale_Person":null,"customer":null,"loan_Amount":null,"purchase_Date":null},{"srno":0,"sale_Person":null,"customer":null,"loan_Amount":null,"purchase_Date":null},{"srno":0,"sale_Person":null,"customer":null,"loan_Amount":null,"purchase_Date":null},{"srno":0,"sale_Person":null,"customer":null,"loan_Amount":null,"purchase_Date":null},{"srno":0,"sale_Person":null,"customer":null,"loan_Amount":null,"purchase_Date":null},{"srno":0,"sale_Person":null,"customer":null,"loan_Amount":null,"purchase_Date":null},{"srno":0,"sale_Person":null,"customer":null,"loan_Amount":null,"purchase_Date":null},{"srno":0,"sale_Person":null,"customer":null,"loan_Amount":null,"purchase_Date":null},{"srno":0,"sale_Person":null,"customer":null,"loan_Amount":null,"purchase_Date":null},{"srno":0,"sale_Person":null,"customer":null,"loan_Amount":null,"purchase_Date":null},{"srno":0,"sale_Person":null,"customer":null,"loan_Amount":null,"purchase_Date":null},{"srno":0,"sale_Person":null,"customer":null,"loan_Amount":null,"purchase_Date":null},{"srno":0,"sale_Person":null,"customer":null,"loan_Amount":null,"purchase_Date":null},{"srno":0,"sale_Person":null,"customer":null,"loan_Amount":null,"purchase_Date":null},{"srno":0,"sale_Person":null,"customer":null,"loan_Amount":null,"purchase_Date":null},{"srno":0,"sale_Person":null,"customer":null,"loan_Amount":null,"purchase_Date":null},{"srno":0,"sale_Person":null,"customer":null,"loan_Amount":null,"purchase_Date":null},{"srno":0,"sale_Person":null,"customer":null,"loan_Amount":null,"purchase_Date":null},{"srno":0,"sale_Person":null,"customer":null,"loan_Amount":null,"purchase_Date":null},{"srno":0,"sale_Person":null,"customer":null,"loan_Amount":null,"purchase_Date":null},{"srno":0,"sale_Person":null,"customer":null,"loan_Amount":null,"purchase_Date":null},{"srno":0,"sale_Person":null,"customer":null,"loan_Amount":null,"purchase_Date":null},{"srno":0,"sale_Person":null,"customer":null,"loan_Amount":null,"purchase_Date":null},{"srno":0,"sale_Person":null,"customer":null,"loan_Amount":null,"purchase_Date":null},{"srno":0,"sale_Person":null,"customer":null,"loan_Amount":null,"purchase_Date":null}]